{
  "widowmaker": 2.5429304160043764,
  "mercy": 3.011095288153857,
  "zarya": 5.650515358411413,
  "tracer": 5.220522663498548,
  "reaper": 5.874427080217424,
  "reinhardt": 9.929070597778937,
  "hanzo": 1.509164849959646,
  "dva": 12.682029507223548,
  "junkrat": 22.16374914754395,
  "mei": 13.880801938183922,
  "genji": 4.841584450419453,
  "bastion": 2.946651258011238,
  "orisa": 0.7333333333333333,
  "pharah": 20.397196795121417,
  "zenyatta": 4.7387087047028995,
  "soldier76": 7.947450932703896,
  "lucio": 6.346150132661798,
  "sombra": 1.1737483331072778,
  "symmetra": 7.754664180816919,
  "ana": 0.7338975790150736,
  "moira": 1.4003938195427457,
  "roadhog": 22.79694876247577,
  "mccree": 3.4940951077159026,
  "winston": 18.948611829872743,
  "torbjorn": 9.733327173880301,
  "doomfist": 1.3803864552191636
}
